ID,Text,Image
1,The 2008 global economic crisis stemmed from a collapse in the U.,2
2,Rising unemployment is concerning because it signifies inefficien,13
3,"Economists use real GDP, which adjusts for price changes using pr",12
4,The 2009 recession severely impacted the global economy. Advanced,2
5,"Following the 2008 crisis, U.S. unemployment rose sharply, reachi",13
6,"Before the crisis, China's economy grew at approximately 10% annu",9
7,"The 2008 crisis caused stock market declines globally, not just i",2
8,"No, fast economic growth in the U.S. doesn't always guarantee few",15
9,"No, consumer prices (CPI) and overall economic prices (GDP deflat",14
10,"Even before the 2007 crisis, Europe had high unemployment, partly",0
11,China countered the 2008 crisis's negative demand effects with a ,3
